HQ0,iimbplayerHQ712+10@gmail.com
HQ1,iimbplayerHQ712+11@gmail.com
HQ2,iimbplayerHQ712+12@gmail.com
HQ3,iimbplayerHQ712+13@gmail.com
SUBSI0,iimbplayerSUBSI712+2@gmail.com
SUBSI1,iimbplayerSUBSI712+3@gmail.com
SUBSI2,iimbplayerSUBSI712+4@gmail.com
SUBSI3,iimbplayerSUBSI712+5@gmail.com
SUBSI4,iimbplayerSUBSI712+6@gmail.com
SUBSI5,iimbplayerSUBSI712+7@gmail.com
SUBSI6,iimbplayerSUBSI712+8@gmail.com
SUBSI7,iimbplayerSUBSI712+9@gmail.com
HQ4,iimbplayerHQ712+14@gmail.com
HQ5,iimbplayerHQ712+15@gmail.com
HQ6,iimbplayerHQ712+16@gmail.com
HQ7,iimbplayerHQ712+17@gmail.com
SUBSI8,iimbplayerSUBSI712+10@gmail.com
SUBSI9,iimbplayerSUBSI712+11@gmail.com
SUBSI10,iimbplayerSUBSI712+12@gmail.com
SUBSI11,iimbplayerSUBSI712+13@gmail.com
SUBSI12,iimbplayerSUBSI712+14@gmail.com
SUBSI13,iimbplayerSUBSI712+15@gmail.com
SUBSI14,iimbplayerSUBSI712+16@gmail.com
SUBSI15,iimbplayerSUBSI712+17@gmail.com
HQ8,iimbplayerHQ712+18@gmail.com
HQ9,iimbplayerHQ712+19@gmail.com
HQ10,iimbplayerHQ712+20@gmail.com
HQ11,iimbplayerHQ712+21@gmail.com
SUBSI16,iimbplayerSUBSI712+18@gmail.com
SUBSI17,iimbplayerSUBSI712+19@gmail.com
SUBSI18,iimbplayerSUBSI712+20@gmail.com
SUBSI19,iimbplayerSUBSI712+21@gmail.com
SUBSI20,iimbplayerSUBSI712+22@gmail.com
SUBSI21,iimbplayerSUBSI712+23@gmail.com
SUBSI22,iimbplayerSUBSI712+24@gmail.com
SUBSI23,iimbplayerSUBSI712+25@gmail.com
HQ12,iimbplayerHQ712+22@gmail.com
HQ13,iimbplayerHQ712+23@gmail.com
HQ14,iimbplayerHQ712+24@gmail.com
HQ15,iimbplayerHQ712+25@gmail.com
SUBSI24,iimbplayerSUBSI712+26@gmail.com
SUBSI25,iimbplayerSUBSI712+27@gmail.com
SUBSI26,iimbplayerSUBSI712+28@gmail.com
SUBSI27,iimbplayerSUBSI712+29@gmail.com
SUBSI28,iimbplayerSUBSI712+30@gmail.com
SUBSI29,iimbplayerSUBSI712+31@gmail.com
SUBSI30,iimbplayerSUBSI712+32@gmail.com
SUBSI31,iimbplayerSUBSI712+33@gmail.com
HQ16,iimbplayerHQ712+26@gmail.com
HQ17,iimbplayerHQ712+27@gmail.com
HQ18,iimbplayerHQ712+28@gmail.com
HQ19,iimbplayerHQ712+29@gmail.com
SUBSI32,iimbplayerSUBSI712+34@gmail.com
SUBSI33,iimbplayerSUBSI712+35@gmail.com
SUBSI34,iimbplayerSUBSI712+36@gmail.com
SUBSI35,iimbplayerSUBSI712+37@gmail.com
SUBSI36,iimbplayerSUBSI712+38@gmail.com
SUBSI37,iimbplayerSUBSI712+39@gmail.com
SUBSI38,iimbplayerSUBSI712+40@gmail.com
SUBSI39,iimbplayerSUBSI712+41@gmail.com
HQ20,iimbplayerHQ712+30@gmail.com
HQ21,iimbplayerHQ712+31@gmail.com
HQ22,iimbplayerHQ712+32@gmail.com
HQ23,iimbplayerHQ712+33@gmail.com
SUBSI40,iimbplayerSUBSI712+42@gmail.com
SUBSI41,iimbplayerSUBSI712+43@gmail.com
SUBSI42,iimbplayerSUBSI712+44@gmail.com
SUBSI43,iimbplayerSUBSI712+45@gmail.com
SUBSI44,iimbplayerSUBSI712+46@gmail.com
SUBSI45,iimbplayerSUBSI712+47@gmail.com
SUBSI46,iimbplayerSUBSI712+48@gmail.com
SUBSI47,iimbplayerSUBSI712+49@gmail.com
HQ24,iimbplayerHQ712+34@gmail.com
HQ25,iimbplayerHQ712+35@gmail.com
HQ26,iimbplayerHQ712+36@gmail.com
HQ27,iimbplayerHQ712+37@gmail.com
SUBSI48,iimbplayerSUBSI712+50@gmail.com
SUBSI49,iimbplayerSUBSI712+51@gmail.com
SUBSI50,iimbplayerSUBSI712+52@gmail.com
SUBSI51,iimbplayerSUBSI712+53@gmail.com
SUBSI52,iimbplayerSUBSI712+54@gmail.com
SUBSI53,iimbplayerSUBSI712+55@gmail.com
SUBSI54,iimbplayerSUBSI712+56@gmail.com
SUBSI55,iimbplayerSUBSI712+57@gmail.com
HQ28,iimbplayerHQ712+38@gmail.com
HQ29,iimbplayerHQ712+39@gmail.com
HQ30,iimbplayerHQ712+40@gmail.com
HQ31,iimbplayerHQ712+41@gmail.com
SUBSI56,iimbplayerSUBSI712+58@gmail.com
SUBSI57,iimbplayerSUBSI712+59@gmail.com
SUBSI58,iimbplayerSUBSI712+60@gmail.com
SUBSI59,iimbplayerSUBSI712+61@gmail.com
SUBSI60,iimbplayerSUBSI712+62@gmail.com
SUBSI61,iimbplayerSUBSI712+63@gmail.com
SUBSI62,iimbplayerSUBSI712+64@gmail.com
SUBSI63,iimbplayerSUBSI712+65@gmail.com