HQ0,iimbplayerHQ117+10@gmail.com
HQ1,iimbplayerHQ117+11@gmail.com
HQ2,iimbplayerHQ117+12@gmail.com
HQ3,iimbplayerHQ117+13@gmail.com
SUBSI0,iimbplayerSUBSI117+2@gmail.com
SUBSI1,iimbplayerSUBSI117+3@gmail.com
SUBSI2,iimbplayerSUBSI117+4@gmail.com
SUBSI3,iimbplayerSUBSI117+5@gmail.com
SUBSI4,iimbplayerSUBSI117+6@gmail.com
SUBSI5,iimbplayerSUBSI117+7@gmail.com
SUBSI6,iimbplayerSUBSI117+8@gmail.com
SUBSI7,iimbplayerSUBSI117+9@gmail.com
HQ4,iimbplayerHQ117+14@gmail.com
HQ5,iimbplayerHQ117+15@gmail.com
HQ6,iimbplayerHQ117+16@gmail.com
HQ7,iimbplayerHQ117+17@gmail.com
SUBSI8,iimbplayerSUBSI117+10@gmail.com
SUBSI9,iimbplayerSUBSI117+11@gmail.com
SUBSI10,iimbplayerSUBSI117+12@gmail.com
SUBSI11,iimbplayerSUBSI117+13@gmail.com
SUBSI12,iimbplayerSUBSI117+14@gmail.com
SUBSI13,iimbplayerSUBSI117+15@gmail.com
SUBSI14,iimbplayerSUBSI117+16@gmail.com
SUBSI15,iimbplayerSUBSI117+17@gmail.com
HQ8,iimbplayerHQ117+18@gmail.com
HQ9,iimbplayerHQ117+19@gmail.com
HQ10,iimbplayerHQ117+20@gmail.com
HQ11,iimbplayerHQ117+21@gmail.com
SUBSI16,iimbplayerSUBSI117+18@gmail.com
SUBSI17,iimbplayerSUBSI117+19@gmail.com
SUBSI18,iimbplayerSUBSI117+20@gmail.com
SUBSI19,iimbplayerSUBSI117+21@gmail.com
SUBSI20,iimbplayerSUBSI117+22@gmail.com
SUBSI21,iimbplayerSUBSI117+23@gmail.com
SUBSI22,iimbplayerSUBSI117+24@gmail.com
SUBSI23,iimbplayerSUBSI117+25@gmail.com
HQ12,iimbplayerHQ117+22@gmail.com
HQ13,iimbplayerHQ117+23@gmail.com
HQ14,iimbplayerHQ117+24@gmail.com
HQ15,iimbplayerHQ117+25@gmail.com
SUBSI24,iimbplayerSUBSI117+26@gmail.com
SUBSI25,iimbplayerSUBSI117+27@gmail.com
SUBSI26,iimbplayerSUBSI117+28@gmail.com
SUBSI27,iimbplayerSUBSI117+29@gmail.com
SUBSI28,iimbplayerSUBSI117+30@gmail.com
SUBSI29,iimbplayerSUBSI117+31@gmail.com
SUBSI30,iimbplayerSUBSI117+32@gmail.com
SUBSI31,iimbplayerSUBSI117+33@gmail.com
HQ16,iimbplayerHQ117+26@gmail.com
HQ17,iimbplayerHQ117+27@gmail.com
HQ18,iimbplayerHQ117+28@gmail.com
HQ19,iimbplayerHQ117+29@gmail.com
SUBSI32,iimbplayerSUBSI117+34@gmail.com
SUBSI33,iimbplayerSUBSI117+35@gmail.com
SUBSI34,iimbplayerSUBSI117+36@gmail.com
SUBSI35,iimbplayerSUBSI117+37@gmail.com
SUBSI36,iimbplayerSUBSI117+38@gmail.com
SUBSI37,iimbplayerSUBSI117+39@gmail.com
SUBSI38,iimbplayerSUBSI117+40@gmail.com
SUBSI39,iimbplayerSUBSI117+41@gmail.com
HQ20,iimbplayerHQ117+30@gmail.com
HQ21,iimbplayerHQ117+31@gmail.com
HQ22,iimbplayerHQ117+32@gmail.com
HQ23,iimbplayerHQ117+33@gmail.com
SUBSI40,iimbplayerSUBSI117+42@gmail.com
SUBSI41,iimbplayerSUBSI117+43@gmail.com
SUBSI42,iimbplayerSUBSI117+44@gmail.com
SUBSI43,iimbplayerSUBSI117+45@gmail.com
SUBSI44,iimbplayerSUBSI117+46@gmail.com
SUBSI45,iimbplayerSUBSI117+47@gmail.com
SUBSI46,iimbplayerSUBSI117+48@gmail.com
SUBSI47,iimbplayerSUBSI117+49@gmail.com
HQ24,iimbplayerHQ117+34@gmail.com
HQ25,iimbplayerHQ117+35@gmail.com
HQ26,iimbplayerHQ117+36@gmail.com
HQ27,iimbplayerHQ117+37@gmail.com
SUBSI48,iimbplayerSUBSI117+50@gmail.com
SUBSI49,iimbplayerSUBSI117+51@gmail.com
SUBSI50,iimbplayerSUBSI117+52@gmail.com
SUBSI51,iimbplayerSUBSI117+53@gmail.com
SUBSI52,iimbplayerSUBSI117+54@gmail.com
SUBSI53,iimbplayerSUBSI117+55@gmail.com
SUBSI54,iimbplayerSUBSI117+56@gmail.com
SUBSI55,iimbplayerSUBSI117+57@gmail.com
HQ28,iimbplayerHQ117+38@gmail.com
HQ29,iimbplayerHQ117+39@gmail.com
HQ30,iimbplayerHQ117+40@gmail.com
HQ31,iimbplayerHQ117+41@gmail.com
SUBSI56,iimbplayerSUBSI117+58@gmail.com
SUBSI57,iimbplayerSUBSI117+59@gmail.com
SUBSI58,iimbplayerSUBSI117+60@gmail.com
SUBSI59,iimbplayerSUBSI117+61@gmail.com
SUBSI60,iimbplayerSUBSI117+62@gmail.com
SUBSI61,iimbplayerSUBSI117+63@gmail.com
SUBSI62,iimbplayerSUBSI117+64@gmail.com
SUBSI63,iimbplayerSUBSI117+65@gmail.com